kommunenummer,kommunenavn,Kjønn,Alder,2010-2019
619,Ål,menn,0-74 år,2
619,Ål,menn,75 år og eldre,2
619,Ål,kvinner,0-74 år,1
619,Ål,kvinner,75 år og eldre,1
1504,Ålesund,menn,0-74 år,28
1504,Ålesund,menn,75 år og eldre,22
1504,Ålesund,kvinner,0-74 år,17
1504,Ålesund,kvinner,75 år og eldre,21
1820,Alstahaug,menn,0-74 år,6
1820,Alstahaug,menn,75 år og eldre,2
1820,Alstahaug,kvinner,0-74 år,3
1820,Alstahaug,kvinner,75 år og eldre,2
2012,Alta,menn,0-74 år,6
2012,Alta,menn,75 år og eldre,3
2012,Alta,kvinner,0-74 år,5
2012,Alta,kvinner,75 år og eldre,3
438,Alvdal,menn,0-74 år,0
438,Alvdal,menn,75 år og eldre,0
438,Alvdal,kvinner,0-74 år,0
438,Alvdal,kvinner,75 år og eldre,0
1256,Meland,menn,0-74 år,12
1256,Meland,menn,75 år og eldre,7
1256,Meland,kvinner,0-74 år,8
1256,Meland,kvinner,75 år og eldre,7
1260,Radøy,menn,0-74 år,12
1260,Radøy,menn,75 år og eldre,7
1260,Radøy,kvinner,0-74 år,8
1260,Radøy,kvinner,75 år og eldre,7
1263,Lindås,menn,0-74 år,12
1263,Lindås,menn,75 år og eldre,7
1263,Lindås,kvinner,0-74 år,8
1263,Lindås,kvinner,75 år og eldre,7
929,Åmli,menn,0-74 år,0
929,Åmli,menn,75 år og eldre,0
929,Åmli,kvinner,0-74 år,0
929,Åmli,kvinner,75 år og eldre,0
429,Åmot,menn,0-74 år,2
429,Åmot,menn,75 år og eldre,1
429,Åmot,kvinner,0-74 år,1
429,Åmot,kvinner,75 år og eldre,1
1871,Andøy,menn,0-74 år,2
1871,Andøy,menn,75 år og eldre,2
1871,Andøy,kvinner,0-74 år,2
1871,Andøy,kvinner,75 år og eldre,2
1424,Årdal,menn,0-74 år,3
1424,Årdal,menn,75 år og eldre,3
1424,Årdal,kvinner,0-74 år,2
1424,Årdal,kvinner,75 år og eldre,2
118,Aremark,menn,0-74 år,0
118,Aremark,menn,75 år og eldre,0
118,Aremark,kvinner,0-74 år,0
118,Aremark,kvinner,75 år og eldre,0
906,Arendal,menn,0-74 år,21
906,Arendal,menn,75 år og eldre,9
906,Arendal,kvinner,0-74 år,15
906,Arendal,kvinner,75 år og eldre,11
214,Ås,menn,0-74 år,6
214,Ås,menn,75 år og eldre,4
214,Ås,kvinner,0-74 år,6
214,Ås,kvinner,75 år og eldre,4
1026,Åseral,menn,0-74 år,0
1026,Åseral,menn,75 år og eldre,0
1026,Åseral,kvinner,0-74 år,0
1026,Åseral,kvinner,75 år og eldre,0
220,Asker,menn,0-74 år,32
220,Asker,menn,75 år og eldre,18
220,Asker,kvinner,0-74 år,28
220,Asker,kvinner,75 år og eldre,22
1247,Askøy,menn,0-74 år,12
1247,Askøy,menn,75 år og eldre,6
1247,Askøy,kvinner,0-74 år,9
1247,Askøy,kvinner,75 år og eldre,6
1428,Askvoll,menn,0-74 år,2
1428,Askvoll,menn,75 år og eldre,1
1428,Askvoll,kvinner,0-74 år,1
1428,Askvoll,kvinner,75 år og eldre,2
425,Åsnes,menn,0-74 år,4
425,Åsnes,menn,75 år og eldre,4
425,Åsnes,kvinner,0-74 år,3
425,Åsnes,kvinner,75 år og eldre,3
1547,Aukra,menn,0-74 år,2
1547,Aukra,menn,75 år og eldre,1
1547,Aukra,kvinner,0-74 år,2
1547,Aukra,kvinner,75 år og eldre,2
1576,Aure,menn,0-74 år,2
1576,Aure,menn,75 år og eldre,2
1576,Aure,kvinner,0-74 år,2
1576,Aure,kvinner,75 år og eldre,2
1421,Aurland,menn,0-74 år,0
1421,Aurland,menn,75 år og eldre,0
1421,Aurland,kvinner,0-74 år,0
1421,Aurland,kvinner,75 år og eldre,0
221,Aurskog-Høland,menn,0-74 år,7
221,Aurskog-Høland,menn,75 år og eldre,4
221,Aurskog-Høland,kvinner,0-74 år,7
221,Aurskog-Høland,kvinner,75 år og eldre,5
1244,Austevoll,menn,0-74 år,3
1244,Austevoll,menn,75 år og eldre,1
1244,Austevoll,kvinner,0-74 år,2
1244,Austevoll,kvinner,75 år og eldre,2
1264,Austrheim,menn,0-74 år,0
1264,Austrheim,menn,75 år og eldre,0
1264,Austrheim,kvinner,0-74 år,0
1264,Austrheim,kvinner,75 år og eldre,0
1554,Averøy,menn,0-74 år,3
1554,Averøy,menn,75 år og eldre,3
1554,Averøy,kvinner,0-74 år,2
1554,Averøy,kvinner,75 år og eldre,1
219,Bærum,menn,0-74 år,44
219,Bærum,menn,75 år og eldre,27
219,Bærum,kvinner,0-74 år,37
219,Bærum,kvinner,75 år og eldre,32
1933,Balsfjord,menn,0-74 år,4
1933,Balsfjord,menn,75 år og eldre,2
1933,Balsfjord,kvinner,0-74 år,3
1933,Balsfjord,kvinner,75 år og eldre,2
814,Bamble,menn,0-74 år,7
814,Bamble,menn,75 år og eldre,3
814,Bamble,kvinner,0-74 år,4
814,Bamble,kvinner,75 år og eldre,2
1922,Bardu,menn,0-74 år,3
1922,Bardu,menn,75 år og eldre,1
1922,Bardu,kvinner,0-74 år,2
1922,Bardu,kvinner,75 år og eldre,2
2028,Båtsfjord,menn,0-74 år,0
2028,Båtsfjord,menn,75 år og eldre,0
2028,Båtsfjord,kvinner,0-74 år,0
2028,Båtsfjord,kvinner,75 år og eldre,0
1839,Beiarn,menn,0-74 år,0
1839,Beiarn,menn,75 år og eldre,0
1839,Beiarn,kvinner,0-74 år,0
1839,Beiarn,kvinner,75 år og eldre,0
1201,Bergen,menn,0-74 år,111
1201,Bergen,menn,75 år og eldre,70
1201,Bergen,kvinner,0-74 år,85
1201,Bergen,kvinner,75 år og eldre,79
2024,Berlevåg,menn,0-74 år,0
2024,Berlevåg,menn,75 år og eldre,0
2024,Berlevåg,kvinner,0-74 år,0
2024,Berlevåg,kvinner,75 år og eldre,0
1811,Bindal,menn,0-74 år,0
1811,Bindal,menn,75 år og eldre,0
1811,Bindal,kvinner,0-74 år,0
1811,Bindal,kvinner,75 år og eldre,0
928,Birkenes,menn,0-74 år,0
928,Birkenes,menn,75 år og eldre,0
928,Birkenes,kvinner,0-74 år,0
928,Birkenes,kvinner,75 år og eldre,0
1114,Bjerkreim,menn,0-74 år,0
1114,Bjerkreim,menn,75 år og eldre,0
1114,Bjerkreim,kvinner,0-74 år,0
1114,Bjerkreim,kvinner,75 år og eldre,0
4624,Bjørnafjorden,menn,0-74 år,10
4624,Bjørnafjorden,menn,75 år og eldre,5
4624,Bjørnafjorden,kvinner,0-74 år,7
4624,Bjørnafjorden,kvinner,75 år og eldre,6
1867,Bø,menn,0-74 år,1
1867,Bø,menn,75 år og eldre,1
1867,Bø,kvinner,0-74 år,1
1867,Bø,kvinner,75 år og eldre,2
1804,Bodø,menn,0-74 år,25
1804,Bodø,menn,75 år og eldre,12
1804,Bodø,kvinner,0-74 år,18
1804,Bodø,kvinner,75 år og eldre,12
1145,Bokn,menn,0-74 år,0
1145,Bokn,menn,75 år og eldre,0
1145,Bokn,kvinner,0-74 år,0
1145,Bokn,kvinner,75 år og eldre,0
1219,Bømlo,menn,0-74 år,6
1219,Bømlo,menn,75 år og eldre,3
1219,Bømlo,kvinner,0-74 år,3
1219,Bømlo,kvinner,75 år og eldre,4
1438,Bremanger,menn,0-74 år,2
1438,Bremanger,menn,75 år og eldre,2
1438,Bremanger,kvinner,0-74 år,2
1438,Bremanger,kvinner,75 år og eldre,3
1813,Brønnøy,menn,0-74 år,3
1813,Brønnøy,menn,75 år og eldre,2
1813,Brønnøy,kvinner,0-74 år,2
1813,Brønnøy,kvinner,75 år og eldre,2
938,Bygland,menn,0-74 år,0
938,Bygland,menn,75 år og eldre,0
938,Bygland,kvinner,0-74 år,0
938,Bygland,kvinner,75 år og eldre,0
941,Bykle,menn,0-74 år,0
941,Bykle,menn,75 år og eldre,0
941,Bykle,kvinner,0-74 år,0
941,Bykle,kvinner,75 år og eldre,0
2025,Deatnu Tana,menn,0-74 år,2
2025,Deatnu Tana,menn,75 år og eldre,0
2025,Deatnu Tana,kvinner,0-74 år,0
2025,Deatnu Tana,kvinner,75 år og eldre,0
1827,Dønna,menn,0-74 år,0
1827,Dønna,menn,75 år og eldre,0
1827,Dønna,kvinner,0-74 år,0
1827,Dønna,kvinner,75 år og eldre,0
511,Dovre,menn,0-74 år,2
511,Dovre,menn,75 år og eldre,1
511,Dovre,kvinner,0-74 år,1
511,Dovre,kvinner,75 år og eldre,2
602,Drammen,menn,0-74 år,42
602,Drammen,menn,75 år og eldre,26
602,Drammen,kvinner,0-74 år,31
602,Drammen,kvinner,75 år og eldre,31
817,Drangedal,menn,0-74 år,1
817,Drangedal,menn,75 år og eldre,1
817,Drangedal,kvinner,0-74 år,2
817,Drangedal,kvinner,75 år og eldre,2
1926,Dyrøy,menn,0-74 år,0
1926,Dyrøy,menn,75 år og eldre,0
1926,Dyrøy,kvinner,0-74 år,0
1926,Dyrøy,kvinner,75 år og eldre,0
1232,Eidfjord,menn,0-74 år,0
1232,Eidfjord,menn,75 år og eldre,0
1232,Eidfjord,kvinner,0-74 år,0
1232,Eidfjord,kvinner,75 år og eldre,0
420,Eidskog,menn,0-74 år,3
420,Eidskog,menn,75 år og eldre,3
420,Eidskog,kvinner,0-74 år,3
420,Eidskog,kvinner,75 år og eldre,2
237,Eidsvoll,menn,0-74 år,12
237,Eidsvoll,menn,75 år og eldre,7
237,Eidsvoll,kvinner,0-74 år,8
237,Eidsvoll,kvinner,75 år og eldre,6
1101,Eigersund,menn,0-74 år,6
1101,Eigersund,menn,75 år og eldre,4
1101,Eigersund,kvinner,0-74 år,5
1101,Eigersund,kvinner,75 år og eldre,4
427,Elverum,menn,0-74 år,10
427,Elverum,menn,75 år og eldre,6
427,Elverum,kvinner,0-74 år,8
427,Elverum,kvinner,75 år og eldre,7
229,Enebakk,menn,0-74 år,6
229,Enebakk,menn,75 år og eldre,3
229,Enebakk,kvinner,0-74 år,3
229,Enebakk,kvinner,75 år og eldre,1
434,Engerdal,menn,0-74 år,0
434,Engerdal,menn,75 år og eldre,0
434,Engerdal,kvinner,0-74 år,0
434,Engerdal,kvinner,75 år og eldre,0
1211,Etne,menn,0-74 år,2
1211,Etne,menn,75 år og eldre,1
1211,Etne,kvinner,0-74 år,2
1211,Etne,kvinner,75 år og eldre,2
541,Etnedal,menn,0-74 år,0
541,Etnedal,menn,75 år og eldre,0
541,Etnedal,kvinner,0-74 år,0
541,Etnedal,kvinner,75 år og eldre,0
1853,Evenes,menn,0-74 år,0
1853,Evenes,menn,75 år og eldre,0
1853,Evenes,kvinner,0-74 år,0
1853,Evenes,kvinner,75 år og eldre,0
937,Evje og Hornnes,menn,0-74 år,1
937,Evje og Hornnes,menn,75 år og eldre,1
937,Evje og Hornnes,kvinner,0-74 år,2
937,Evje og Hornnes,kvinner,75 år og eldre,2
729,Færder,menn,0-74 år,13
729,Færder,menn,75 år og eldre,9
729,Færder,kvinner,0-74 år,9
729,Færder,kvinner,75 år og eldre,9
1003,Farsund,menn,0-74 år,5
1003,Farsund,menn,75 år og eldre,4
1003,Farsund,kvinner,0-74 år,3
1003,Farsund,kvinner,75 år og eldre,3
1841,Fauske Fuosko,menn,0-74 år,6
1841,Fauske Fuosko,menn,75 år og eldre,2
1841,Fauske Fuosko,kvinner,0-74 år,4
1841,Fauske Fuosko,kvinner,75 år og eldre,3
1265,Fedje,menn,0-74 år,0
1265,Fedje,menn,75 år og eldre,0
1265,Fedje,kvinner,0-74 år,0
1265,Fedje,kvinner,75 år og eldre,0
1222,Fitjar,menn,0-74 år,0
1222,Fitjar,menn,75 år og eldre,0
1222,Fitjar,kvinner,0-74 år,0
1222,Fitjar,kvinner,75 år og eldre,0
1429,Fjaler,menn,0-74 år,2
1429,Fjaler,menn,75 år og eldre,1
1429,Fjaler,kvinner,0-74 år,1
1429,Fjaler,kvinner,75 år og eldre,2
1578,Fjord,menn,0-74 år,1
1578,Fjord,menn,75 år og eldre,1
1578,Fjord,kvinner,0-74 år,1
1578,Fjord,kvinner,75 år og eldre,1
615,Flå,menn,0-74 år,0
615,Flå,menn,75 år og eldre,0
615,Flå,kvinner,0-74 år,0
615,Flå,kvinner,75 år og eldre,0
1859,Flakstad,menn,0-74 år,0
1859,Flakstad,menn,75 år og eldre,0
1859,Flakstad,kvinner,0-74 år,0
1859,Flakstad,kvinner,75 år og eldre,0
1004,Flekkefjord,menn,0-74 år,4
1004,Flekkefjord,menn,75 år og eldre,3
1004,Flekkefjord,kvinner,0-74 år,3
1004,Flekkefjord,kvinner,75 år og eldre,4
631,Flesberg,menn,0-74 år,0
631,Flesberg,menn,75 år og eldre,0
631,Flesberg,kvinner,0-74 år,0
631,Flesberg,kvinner,75 år og eldre,0
439,Folldal,menn,0-74 år,0
439,Folldal,menn,75 år og eldre,0
439,Folldal,kvinner,0-74 år,0
439,Folldal,kvinner,75 år og eldre,0
106,Fredrikstad,menn,0-74 år,39
106,Fredrikstad,menn,75 år og eldre,20
106,Fredrikstad,kvinner,0-74 år,29
106,Fredrikstad,kvinner,75 år og eldre,26
215,Frogn,menn,0-74 år,7
215,Frogn,menn,75 år og eldre,4
215,Frogn,kvinner,0-74 år,7
215,Frogn,kvinner,75 år og eldre,4
919,Froland,menn,0-74 år,3
919,Froland,menn,75 år og eldre,1
919,Froland,kvinner,0-74 år,1
919,Froland,kvinner,75 år og eldre,1
831,Fyresdal,menn,0-74 år,0
831,Fyresdal,menn,75 år og eldre,0
831,Fyresdal,kvinner,0-74 år,0
831,Fyresdal,kvinner,75 år og eldre,0
1940,Gáivuotna Kåfjord Kaivuono,menn,0-74 år,2
1940,Gáivuotna Kåfjord Kaivuono,menn,75 år og eldre,0
1940,Gáivuotna Kåfjord Kaivuono,kvinner,0-74 år,0
1940,Gáivuotna Kåfjord Kaivuono,kvinner,75 år og eldre,0
2023,Gamvik,menn,0-74 år,0
2023,Gamvik,menn,75 år og eldre,0
2023,Gamvik,kvinner,0-74 år,0
2023,Gamvik,kvinner,75 år og eldre,0
522,Gausdal,menn,0-74 år,2
522,Gausdal,menn,75 år og eldre,2
522,Gausdal,kvinner,0-74 år,3
522,Gausdal,kvinner,75 år og eldre,2
1838,Gildeskål,menn,0-74 år,1
1838,Gildeskål,menn,75 år og eldre,0
1838,Gildeskål,kvinner,0-74 år,0
1838,Gildeskål,kvinner,75 år og eldre,0
1532,Giske,menn,0-74 år,3
1532,Giske,menn,75 år og eldre,2
1532,Giske,kvinner,0-74 år,2
1532,Giske,kvinner,75 år og eldre,2
1557,Gjemnes,menn,0-74 år,1
1557,Gjemnes,menn,75 år og eldre,1
1557,Gjemnes,kvinner,0-74 år,1
1557,Gjemnes,kvinner,75 år og eldre,1
234,Gjerdrum,menn,0-74 år,2
234,Gjerdrum,menn,75 år og eldre,0
234,Gjerdrum,kvinner,0-74 år,1
234,Gjerdrum,kvinner,75 år og eldre,1
911,Gjerstad,menn,0-74 år,0
911,Gjerstad,menn,75 år og eldre,0
911,Gjerstad,kvinner,0-74 år,0
911,Gjerstad,kvinner,75 år og eldre,0
1122,Gjesdal,menn,0-74 år,4
1122,Gjesdal,menn,75 år og eldre,1
1122,Gjesdal,kvinner,0-74 år,4
1122,Gjesdal,kvinner,75 år og eldre,2
502,Gjøvik,menn,0-74 år,13
502,Gjøvik,menn,75 år og eldre,9
502,Gjøvik,kvinner,0-74 år,10
502,Gjøvik,kvinner,75 år og eldre,9
1445,Gloppen,menn,0-74 år,3
1445,Gloppen,menn,75 år og eldre,3
1445,Gloppen,kvinner,0-74 år,2
1445,Gloppen,kvinner,75 år og eldre,3
617,Gol,menn,0-74 år,2
617,Gol,menn,75 år og eldre,1
617,Gol,kvinner,0-74 år,1
617,Gol,kvinner,75 år og eldre,1
534,Gran,menn,0-74 år,6
534,Gran,menn,75 år og eldre,3
534,Gran,kvinner,0-74 år,4
534,Gran,kvinner,75 år og eldre,5
1825,Grane,menn,0-74 år,0
1825,Grane,menn,75 år og eldre,0
1825,Grane,kvinner,0-74 år,0
1825,Grane,kvinner,75 år og eldre,0
1919,Gratangen,menn,0-74 år,0
1919,Gratangen,menn,75 år og eldre,0
1919,Gratangen,kvinner,0-74 år,0
1919,Gratangen,kvinner,75 år og eldre,0
904,Grimstad,menn,0-74 år,9
904,Grimstad,menn,75 år og eldre,4
904,Grimstad,kvinner,0-74 år,6
904,Grimstad,kvinner,75 år og eldre,5
423,Grue,menn,0-74 år,3
423,Grue,menn,75 år og eldre,2
423,Grue,kvinner,0-74 år,2
423,Grue,kvinner,75 år og eldre,2
1411,Gulen,menn,0-74 år,0
1411,Gulen,menn,75 år og eldre,0
1411,Gulen,kvinner,0-74 år,0
1411,Gulen,kvinner,75 år og eldre,0
2011,Guovdageaidnu Kautokeino,menn,0-74 år,0
2011,Guovdageaidnu Kautokeino,menn,75 år og eldre,0
2011,Guovdageaidnu Kautokeino,kvinner,0-74 år,0
2011,Guovdageaidnu Kautokeino,kvinner,75 år og eldre,0
1119,Hå,menn,0-74 år,6
1119,Hå,menn,75 år og eldre,4
1119,Hå,kvinner,0-74 år,3
1119,Hå,kvinner,75 år og eldre,5
1866,Hadsel,menn,0-74 år,4
1866,Hadsel,menn,75 år og eldre,3
1866,Hadsel,kvinner,0-74 år,3
1866,Hadsel,kvinner,75 år og eldre,2
1034,Hægebostad,menn,0-74 år,0
1034,Hægebostad,menn,75 år og eldre,0
1034,Hægebostad,kvinner,0-74 år,0
1034,Hægebostad,kvinner,75 år og eldre,0
101,Halden,menn,0-74 år,14
101,Halden,menn,75 år og eldre,7
101,Halden,kvinner,0-74 år,11
101,Halden,kvinner,75 år og eldre,10
403,Hamar,menn,0-74 år,11
403,Hamar,menn,75 år og eldre,11
403,Hamar,kvinner,0-74 år,10
403,Hamar,kvinner,75 år og eldre,11
1849,Hamarøy Hábmer,menn,0-74 år,2
1849,Hamarøy Hábmer,menn,75 år og eldre,1
1849,Hamarøy Hábmer,kvinner,0-74 år,1
1849,Hamarøy Hábmer,kvinner,75 år og eldre,1
2004,Hammerfest,menn,0-74 år,4
2004,Hammerfest,menn,75 år og eldre,2
2004,Hammerfest,kvinner,0-74 år,3
2004,Hammerfest,kvinner,75 år og eldre,2
1517,Hareid,menn,0-74 år,4
1517,Hareid,menn,75 år og eldre,1
1517,Hareid,kvinner,0-74 år,2
1517,Hareid,kvinner,75 år og eldre,1
1903,Harstad Hárstták,menn,0-74 år,12
1903,Harstad Hárstták,menn,75 år og eldre,6
1903,Harstad Hárstták,kvinner,0-74 år,9
1903,Harstad Hárstták,kvinner,75 år og eldre,9
2015,Hasvik,menn,0-74 år,0
2015,Hasvik,menn,75 år og eldre,0
2015,Hasvik,kvinner,0-74 år,0
2015,Hasvik,kvinner,75 år og eldre,0
1826,Hattfjelldal,menn,0-74 år,0
1826,Hattfjelldal,menn,75 år og eldre,0
1826,Hattfjelldal,kvinner,0-74 år,0
1826,Hattfjelldal,kvinner,75 år og eldre,0
1106,Haugesund,menn,0-74 år,13
1106,Haugesund,menn,75 år og eldre,9
1106,Haugesund,kvinner,0-74 år,12
1106,Haugesund,kvinner,75 år og eldre,11
1832,Hemnes,menn,0-74 år,3
1832,Hemnes,menn,75 år og eldre,2
1832,Hemnes,kvinner,0-74 år,2
1832,Hemnes,kvinner,75 år og eldre,2
618,Hemsedal,menn,0-74 år,0
618,Hemsedal,menn,75 år og eldre,0
618,Hemsedal,kvinner,0-74 år,0
618,Hemsedal,kvinner,75 år og eldre,0
1515,Herøy (Møre og Romsdal),menn,0-74 år,4
1515,Herøy (Møre og Romsdal),menn,75 år og eldre,3
1515,Herøy (Møre og Romsdal),kvinner,0-74 år,3
1515,Herøy (Møre og Romsdal),kvinner,75 år og eldre,3
1818,Herøy (Nordland),menn,0-74 år,1
1818,Herøy (Nordland),menn,75 år og eldre,0
1818,Herøy (Nordland),kvinner,0-74 år,1
1818,Herøy (Nordland),kvinner,75 år og eldre,1
827,Hjartdal,menn,0-74 år,0
827,Hjartdal,menn,75 år og eldre,0
827,Hjartdal,kvinner,0-74 år,0
827,Hjartdal,kvinner,75 år og eldre,0
1133,Hjelmeland,menn,0-74 år,2
1133,Hjelmeland,menn,75 år og eldre,1
1133,Hjelmeland,kvinner,0-74 år,2
1133,Hjelmeland,kvinner,75 år og eldre,1
620,Hol,menn,0-74 år,3
620,Hol,menn,75 år og eldre,1
620,Hol,kvinner,0-74 år,1
620,Hol,kvinner,75 år og eldre,2
612,Hole,menn,0-74 år,3
612,Hole,menn,75 år og eldre,2
612,Hole,kvinner,0-74 år,2
612,Hole,kvinner,75 år og eldre,1
715,Holmestrand,menn,0-74 år,12
715,Holmestrand,menn,75 år og eldre,7
715,Holmestrand,kvinner,0-74 år,8
715,Holmestrand,kvinner,75 år og eldre,6
701,Horten,menn,0-74 år,14
701,Horten,menn,75 år og eldre,9
701,Horten,kvinner,0-74 år,9
701,Horten,kvinner,75 år og eldre,9
1416,Høyanger,menn,0-74 år,3
1416,Høyanger,menn,75 år og eldre,2
1416,Høyanger,kvinner,0-74 år,1
1416,Høyanger,kvinner,75 år og eldre,2
239,Hurdal,menn,0-74 år,0
239,Hurdal,menn,75 år og eldre,0
239,Hurdal,kvinner,0-74 år,0
239,Hurdal,kvinner,75 år og eldre,0
1579,Hustadvika,menn,0-74 år,5
1579,Hustadvika,menn,75 år og eldre,4
1579,Hustadvika,kvinner,0-74 år,5
1579,Hustadvika,kvinner,75 år og eldre,4
111,Hvaler,menn,0-74 år,2
111,Hvaler,menn,75 år og eldre,2
111,Hvaler,kvinner,0-74 år,2
111,Hvaler,kvinner,75 år og eldre,1
1413,Hyllestad,menn,0-74 år,0
1413,Hyllestad,menn,75 år og eldre,0
1413,Hyllestad,kvinner,0-74 år,0
1413,Hyllestad,kvinner,75 år og eldre,0
1917,Ibestad,menn,0-74 år,0
1917,Ibestad,menn,75 år og eldre,1
1917,Ibestad,kvinner,0-74 år,0
1917,Ibestad,kvinner,75 år og eldre,1
3014,Indre Østfold,menn,0-74 år,19
3014,Indre Østfold,menn,75 år og eldre,11
3014,Indre Østfold,kvinner,0-74 år,18
3014,Indre Østfold,kvinner,75 år og eldre,10
935,Iveland,menn,0-74 år,0
935,Iveland,menn,75 år og eldre,0
935,Iveland,kvinner,0-74 år,0
935,Iveland,kvinner,75 år og eldre,0
532,Jevnaker,menn,0-74 år,3
532,Jevnaker,menn,75 år og eldre,2
532,Jevnaker,kvinner,0-74 år,2
532,Jevnaker,kvinner,75 år og eldre,3
2021,Kárášjohka Karasjok,menn,0-74 år,0
2021,Kárášjohka Karasjok,menn,75 år og eldre,0
2021,Kárášjohka Karasjok,kvinner,0-74 år,0
2021,Kárášjohka Karasjok,kvinner,75 år og eldre,0
1936,Karlsøy,menn,0-74 år,2
1936,Karlsøy,menn,75 år og eldre,1
1936,Karlsøy,kvinner,0-74 år,0
1936,Karlsøy,kvinner,75 år og eldre,1
1149,Karmøy,menn,0-74 år,17
1149,Karmøy,menn,75 år og eldre,10
1149,Karmøy,kvinner,0-74 år,13
1149,Karmøy,kvinner,75 år og eldre,11
4602,Kinn,menn,0-74 år,7
4602,Kinn,menn,75 år og eldre,6
4602,Kinn,kvinner,0-74 år,6
4602,Kinn,kvinner,75 år og eldre,6
1120,Klepp,menn,0-74 år,8
1120,Klepp,menn,75 år og eldre,4
1120,Klepp,kvinner,0-74 år,5
1120,Klepp,kvinner,75 år og eldre,3
604,Kongsberg,menn,0-74 år,11
604,Kongsberg,menn,75 år og eldre,6
604,Kongsberg,kvinner,0-74 år,8
604,Kongsberg,kvinner,75 år og eldre,6
402,Kongsvinger,menn,0-74 år,8
402,Kongsvinger,menn,75 år og eldre,4
402,Kongsvinger,kvinner,0-74 år,8
402,Kongsvinger,kvinner,75 år og eldre,5
815,Kragerø,menn,0-74 år,6
815,Kragerø,menn,75 år og eldre,4
815,Kragerø,kvinner,0-74 år,4
815,Kragerø,kvinner,75 år og eldre,4
1001,Kristiansand,menn,0-74 år,36
1001,Kristiansand,menn,75 år og eldre,24
1001,Kristiansand,kvinner,0-74 år,31
1001,Kristiansand,kvinner,75 år og eldre,28
1505,Kristiansund,menn,0-74 år,14
1505,Kristiansund,menn,75 år og eldre,7
1505,Kristiansund,kvinner,0-74 år,10
1505,Kristiansund,kvinner,75 år og eldre,9
622,Krødsherad,menn,0-74 år,1
622,Krødsherad,menn,75 år og eldre,0
622,Krødsherad,kvinner,0-74 år,1
622,Krødsherad,kvinner,75 år og eldre,1
1911,Kvæfjord,menn,0-74 år,0
1911,Kvæfjord,menn,75 år og eldre,0
1911,Kvæfjord,kvinner,0-74 år,0
1911,Kvæfjord,kvinner,75 år og eldre,0
1943,Kvænangen,menn,0-74 år,0
1943,Kvænangen,menn,75 år og eldre,0
1943,Kvænangen,kvinner,0-74 år,0
1943,Kvænangen,kvinner,75 år og eldre,0
1238,Kvam,menn,0-74 år,4
1238,Kvam,menn,75 år og eldre,2
1238,Kvam,kvinner,0-74 år,2
1238,Kvam,kvinner,75 år og eldre,3
1037,Kvinesdal,menn,0-74 år,3
1037,Kvinesdal,menn,75 år og eldre,2
1037,Kvinesdal,kvinner,0-74 år,3
1037,Kvinesdal,kvinner,75 år og eldre,2
1224,Kvinnherad,menn,0-74 år,7
1224,Kvinnherad,menn,75 år og eldre,7
1224,Kvinnherad,kvinner,0-74 år,5
1224,Kvinnherad,kvinner,75 år og eldre,5
829,Kviteseid,menn,0-74 år,0
829,Kviteseid,menn,75 år og eldre,0
829,Kviteseid,kvinner,0-74 år,0
829,Kviteseid,kvinner,75 år og eldre,0
1144,Kvitsøy,menn,0-74 år,0
1144,Kvitsøy,menn,75 år og eldre,0
1144,Kvitsøy,kvinner,0-74 år,0
1144,Kvitsøy,kvinner,75 år og eldre,0
1422,Lærdal,menn,0-74 år,1
1422,Lærdal,menn,75 år og eldre,1
1422,Lærdal,kvinner,0-74 år,0
1422,Lærdal,kvinner,75 år og eldre,1
712,Larvik,menn,0-74 år,20
712,Larvik,menn,75 år og eldre,15
712,Larvik,kvinner,0-74 år,14
712,Larvik,kvinner,75 år og eldre,14
2022,Lebesby,menn,0-74 år,0
2022,Lebesby,menn,75 år og eldre,0
2022,Lebesby,kvinner,0-74 år,0
2022,Lebesby,kvinner,75 år og eldre,0
1822,Leirfjord,menn,0-74 år,0
1822,Leirfjord,menn,75 år og eldre,1
1822,Leirfjord,kvinner,0-74 år,0
1822,Leirfjord,kvinner,75 år og eldre,0
512,Lesja,menn,0-74 år,0
512,Lesja,menn,75 år og eldre,0
512,Lesja,kvinner,0-74 år,0
512,Lesja,kvinner,75 år og eldre,0
626,Lier,menn,0-74 år,13
626,Lier,menn,75 år og eldre,6
626,Lier,kvinner,0-74 år,9
626,Lier,kvinner,75 år og eldre,6
501,Lillehammer,menn,0-74 år,14
501,Lillehammer,menn,75 år og eldre,8
501,Lillehammer,kvinner,0-74 år,9
501,Lillehammer,kvinner,75 år og eldre,11
926,Lillesand,menn,0-74 år,4
926,Lillesand,menn,75 år og eldre,3
926,Lillesand,kvinner,0-74 år,3
926,Lillesand,kvinner,75 år og eldre,2
3030,Lillestrøm,menn,0-74 år,32
3030,Lillestrøm,menn,75 år og eldre,19
3030,Lillestrøm,kvinner,0-74 år,25
3030,Lillestrøm,kvinner,75 år og eldre,18
1029,Lindesnes,menn,0-74 år,9
1029,Lindesnes,menn,75 år og eldre,5
1029,Lindesnes,kvinner,0-74 år,9
1029,Lindesnes,kvinner,75 år og eldre,7
1920,Loabák Lavangen,menn,0-74 år,0
1920,Loabák Lavangen,menn,75 år og eldre,0
1920,Loabák Lavangen,kvinner,0-74 år,0
1920,Loabák Lavangen,kvinner,75 år og eldre,0
1851,Lødingen,menn,0-74 år,0
1851,Lødingen,menn,75 år og eldre,0
1851,Lødingen,kvinner,0-74 år,1
1851,Lødingen,kvinner,75 år og eldre,0
514,Lom,menn,0-74 år,1
514,Lom,menn,75 år og eldre,1
514,Lom,kvinner,0-74 år,1
514,Lom,kvinner,75 år og eldre,1
2014,Loppa,menn,0-74 år,0
2014,Loppa,menn,75 år og eldre,0
2014,Loppa,kvinner,0-74 år,0
2014,Loppa,kvinner,75 år og eldre,0
230,Lørenskog,menn,0-74 år,15
230,Lørenskog,menn,75 år og eldre,8
230,Lørenskog,kvinner,0-74 år,12
230,Lørenskog,kvinner,75 år og eldre,8
415,Løten,menn,0-74 år,4
415,Løten,menn,75 år og eldre,2
415,Løten,kvinner,0-74 år,3
415,Løten,kvinner,75 år og eldre,2
1112,Lund,menn,0-74 år,0
1112,Lund,menn,75 år og eldre,0
1112,Lund,kvinner,0-74 år,0
1112,Lund,kvinner,75 år og eldre,0
533,Lunner,menn,0-74 år,3
533,Lunner,menn,75 år og eldre,1
533,Lunner,kvinner,0-74 år,3
533,Lunner,kvinner,75 år og eldre,2
1834,Lurøy,menn,0-74 år,0
1834,Lurøy,menn,75 år og eldre,0
1834,Lurøy,kvinner,0-74 år,0
1834,Lurøy,kvinner,75 år og eldre,0
1426,Luster,menn,0-74 år,3
1426,Luster,menn,75 år og eldre,1
1426,Luster,kvinner,0-74 år,2
1426,Luster,kvinner,75 år og eldre,2
1032,Lyngdal,menn,0-74 år,4
1032,Lyngdal,menn,75 år og eldre,2
1032,Lyngdal,kvinner,0-74 år,3
1032,Lyngdal,kvinner,75 år og eldre,2
1938,Lyngen,menn,0-74 år,2
1938,Lyngen,menn,75 år og eldre,2
1938,Lyngen,kvinner,0-74 år,2
1938,Lyngen,kvinner,75 år og eldre,1
1924,Målselv,menn,0-74 år,3
1924,Målselv,menn,75 år og eldre,2
1924,Målselv,kvinner,0-74 år,2
1924,Målselv,kvinner,75 år og eldre,3
119,Marker,menn,0-74 år,2
119,Marker,menn,75 år og eldre,1
119,Marker,kvinner,0-74 år,2
119,Marker,kvinner,75 år og eldre,2
1266,Masfjorden,menn,0-74 år,1
1266,Masfjorden,menn,75 år og eldre,1
1266,Masfjorden,kvinner,0-74 år,0
1266,Masfjorden,kvinner,75 år og eldre,0
2018,Måsøy,menn,0-74 år,0
2018,Måsøy,menn,75 år og eldre,0
2018,Måsøy,kvinner,0-74 år,0
2018,Måsøy,kvinner,75 år og eldre,0
1837,Meløy,menn,0-74 år,3
1837,Meløy,menn,75 år og eldre,1
1837,Meløy,kvinner,0-74 år,3
1837,Meløy,kvinner,75 år og eldre,2
1252,Modalen,menn,0-74 år,0
1252,Modalen,menn,75 år og eldre,0
1252,Modalen,kvinner,0-74 år,0
1252,Modalen,kvinner,75 år og eldre,0
623,Modum,menn,0-74 år,5
623,Modum,menn,75 år og eldre,3
623,Modum,kvinner,0-74 år,4
623,Modum,kvinner,75 år og eldre,4
1502,Molde,menn,0-74 år,14
1502,Molde,menn,75 år og eldre,9
1502,Molde,kvinner,0-74 år,12
1502,Molde,kvinner,75 år og eldre,11
1874,Moskenes,menn,0-74 år,0
1874,Moskenes,menn,75 år og eldre,0
1874,Moskenes,kvinner,0-74 år,0
1874,Moskenes,kvinner,75 år og eldre,0
104,Moss,menn,0-74 år,23
104,Moss,menn,75 år og eldre,12
104,Moss,kvinner,0-74 år,20
104,Moss,kvinner,75 år og eldre,14
238,Nannestad,menn,0-74 år,6
238,Nannestad,menn,75 år og eldre,3
238,Nannestad,kvinner,0-74 år,4
238,Nannestad,kvinner,75 år og eldre,2
1805,Narvik,menn,0-74 år,12
1805,Narvik,menn,75 år og eldre,7
1805,Narvik,kvinner,0-74 år,7
1805,Narvik,kvinner,75 år og eldre,8
236,Nes,menn,0-74 år,10
236,Nes,menn,75 år og eldre,5
236,Nes,kvinner,0-74 år,7
236,Nes,kvinner,75 år og eldre,4
616,Nesbyen,menn,0-74 år,1
616,Nesbyen,menn,75 år og eldre,1
616,Nesbyen,kvinner,0-74 år,1
616,Nesbyen,kvinner,75 år og eldre,1
1828,Nesna,menn,0-74 år,0
1828,Nesna,menn,75 år og eldre,0
1828,Nesna,kvinner,0-74 år,0
1828,Nesna,kvinner,75 år og eldre,0
216,Nesodden,menn,0-74 år,8
216,Nesodden,menn,75 år og eldre,5
216,Nesodden,kvinner,0-74 år,7
216,Nesodden,kvinner,75 år og eldre,3
830,Nissedal,menn,0-74 år,0
830,Nissedal,menn,75 år og eldre,0
830,Nissedal,kvinner,0-74 år,0
830,Nissedal,kvinner,75 år og eldre,0
233,Nittedal,menn,0-74 år,10
233,Nittedal,menn,75 år og eldre,4
233,Nittedal,kvinner,0-74 år,7
233,Nittedal,kvinner,75 år og eldre,4
819,Nome,menn,0-74 år,4
819,Nome,menn,75 år og eldre,2
819,Nome,kvinner,0-74 år,2
819,Nome,kvinner,75 år og eldre,3
542,Nord-Aurdal,menn,0-74 år,3
542,Nord-Aurdal,menn,75 år og eldre,1
542,Nord-Aurdal,kvinner,0-74 år,3
542,Nord-Aurdal,kvinner,75 år og eldre,1
516,Nord-Fron,menn,0-74 år,3
516,Nord-Fron,menn,75 år og eldre,1
516,Nord-Fron,kvinner,0-74 år,2
516,Nord-Fron,kvinner,75 år og eldre,1
5435,Nordkapp,menn,0-74 år,2
5435,Nordkapp,menn,75 år og eldre,0
5435,Nordkapp,kvinner,0-74 år,1
5435,Nordkapp,kvinner,75 år og eldre,1
418,Nord-Odal,menn,0-74 år,4
418,Nord-Odal,menn,75 år og eldre,1
418,Nord-Odal,kvinner,0-74 år,2
418,Nord-Odal,kvinner,75 år og eldre,2
3020,Nordre Follo,menn,0-74 år,21
3020,Nordre Follo,menn,75 år og eldre,13
3020,Nordre Follo,kvinner,0-74 år,18
3020,Nordre Follo,kvinner,75 år og eldre,13
538,Nordre Land,menn,0-74 år,4
538,Nordre Land,menn,75 år og eldre,2
538,Nordre Land,kvinner,0-74 år,3
538,Nordre Land,kvinner,75 år og eldre,3
1942,Nordreisa Ráisa Raisi,menn,0-74 år,3
1942,Nordreisa Ráisa Raisi,menn,75 år og eldre,2
1942,Nordreisa Ráisa Raisi,kvinner,0-74 år,1
1942,Nordreisa Ráisa Raisi,kvinner,75 år og eldre,1
633,Nore og Uvdal,menn,0-74 år,1
633,Nore og Uvdal,menn,75 år og eldre,1
633,Nore og Uvdal,kvinner,0-74 år,0
633,Nore og Uvdal,kvinner,75 år og eldre,1
807,Notodden,menn,0-74 år,6
807,Notodden,menn,75 år og eldre,4
807,Notodden,kvinner,0-74 år,4
807,Notodden,kvinner,75 år og eldre,5
1868,Øksnes,menn,0-74 år,3
1868,Øksnes,menn,75 år og eldre,2
1868,Øksnes,kvinner,0-74 år,2
1868,Øksnes,kvinner,75 år og eldre,1
1520,Ørsta,menn,0-74 år,6
1520,Ørsta,menn,75 år og eldre,3
1520,Ørsta,kvinner,0-74 år,3
1520,Ørsta,kvinner,75 år og eldre,3
441,Os,menn,0-74 år,0
441,Os,menn,75 år og eldre,0
441,Os,kvinner,0-74 år,0
441,Os,kvinner,75 år og eldre,0
301,Oslo,menn,0-74 år,209
301,Oslo,menn,75 år og eldre,109
301,Oslo,kvinner,0-74 år,167
301,Oslo,kvinner,75 år og eldre,133
1253,Osterøy,menn,0-74 år,4
1253,Osterøy,menn,75 år og eldre,3
1253,Osterøy,kvinner,0-74 år,2
1253,Osterøy,kvinner,75 år og eldre,3
528,Østre Toten,menn,0-74 år,8
528,Østre Toten,menn,75 år og eldre,5
528,Østre Toten,kvinner,0-74 år,4
528,Østre Toten,kvinner,75 år og eldre,5
624,Øvre Eiker,menn,0-74 år,9
624,Øvre Eiker,menn,75 år og eldre,5
624,Øvre Eiker,kvinner,0-74 år,6
624,Øvre Eiker,kvinner,75 år og eldre,3
521,Øyer,menn,0-74 år,2
521,Øyer,menn,75 år og eldre,2
521,Øyer,kvinner,0-74 år,1
521,Øyer,kvinner,75 år og eldre,1
1259,Øygarden,menn,0-74 år,16
1259,Øygarden,menn,75 år og eldre,8
1259,Øygarden,kvinner,0-74 år,11
1259,Øygarden,kvinner,75 år og eldre,5
544,Øystre Slidre,menn,0-74 år,2
544,Øystre Slidre,menn,75 år og eldre,1
544,Øystre Slidre,kvinner,0-74 år,1
544,Øystre Slidre,kvinner,75 år og eldre,0
2020,Porsanger Porsá?gu Porsanki,menn,0-74 år,0
2020,Porsanger Porsá?gu Porsanki,menn,75 år og eldre,0
2020,Porsanger Porsá?gu Porsanki,kvinner,0-74 år,0
2020,Porsanger Porsá?gu Porsanki,kvinner,75 år og eldre,0
805,Porsgrunn,menn,0-74 år,18
805,Porsgrunn,menn,75 år og eldre,9
805,Porsgrunn,kvinner,0-74 år,12
805,Porsgrunn,kvinner,75 år og eldre,9
135,Råde,menn,0-74 år,3
135,Råde,menn,75 år og eldre,3
135,Råde,kvinner,0-74 år,3
135,Råde,kvinner,75 år og eldre,3
228,Rælingen,menn,0-74 år,7
228,Rælingen,menn,75 år og eldre,3
228,Rælingen,kvinner,0-74 år,4
228,Rælingen,kvinner,75 år og eldre,3
128,Rakkestad,menn,0-74 år,3
128,Rakkestad,menn,75 år og eldre,2
128,Rakkestad,kvinner,0-74 år,3
128,Rakkestad,kvinner,75 år og eldre,3
1833,Rana,menn,0-74 år,13
1833,Rana,menn,75 år og eldre,7
1833,Rana,kvinner,0-74 år,10
1833,Rana,kvinner,75 år og eldre,9
1127,Randaberg,menn,0-74 år,3
1127,Randaberg,menn,75 år og eldre,3
1127,Randaberg,kvinner,0-74 år,3
1127,Randaberg,kvinner,75 år og eldre,2
1539,Rauma,menn,0-74 år,3
1539,Rauma,menn,75 år og eldre,2
1539,Rauma,kvinner,0-74 år,3
1539,Rauma,kvinner,75 år og eldre,4
432,Rendalen,menn,0-74 år,0
432,Rendalen,menn,75 år og eldre,0
432,Rendalen,kvinner,0-74 år,0
432,Rendalen,kvinner,75 år og eldre,0
520,Ringebu,menn,0-74 år,1
520,Ringebu,menn,75 år og eldre,2
520,Ringebu,kvinner,0-74 år,2
520,Ringebu,kvinner,75 år og eldre,2
605,Ringerike,menn,0-74 år,14
605,Ringerike,menn,75 år og eldre,8
605,Ringerike,kvinner,0-74 år,13
605,Ringerike,kvinner,75 år og eldre,7
412,Ringsaker,menn,0-74 år,16
412,Ringsaker,menn,75 år og eldre,11
412,Ringsaker,kvinner,0-74 år,10
412,Ringsaker,kvinner,75 år og eldre,10
901,Risør,menn,0-74 år,4
901,Risør,menn,75 år og eldre,2
901,Risør,kvinner,0-74 år,2
901,Risør,kvinner,75 år og eldre,3
1836,Rødøy,menn,0-74 år,0
1836,Rødøy,menn,75 år og eldre,0
1836,Rødøy,kvinner,0-74 år,0
1836,Rødøy,kvinner,75 år og eldre,0
632,Rollag,menn,0-74 år,0
632,Rollag,menn,75 år og eldre,0
632,Rollag,kvinner,0-74 år,0
632,Rollag,kvinner,75 år og eldre,0
1856,Røst,menn,0-74 år,0
1856,Røst,menn,75 år og eldre,0
1856,Røst,kvinner,0-74 år,0
1856,Røst,kvinner,75 år og eldre,0
1923,Salangen,menn,0-74 år,1
1923,Salangen,menn,75 år og eldre,1
1923,Salangen,kvinner,0-74 år,2
1923,Salangen,kvinner,75 år og eldre,1
1840,Saltdal,menn,0-74 år,2
1840,Saltdal,menn,75 år og eldre,2
1840,Saltdal,kvinner,0-74 år,2
1840,Saltdal,kvinner,75 år og eldre,2
1242,Samnanger,menn,0-74 år,0
1242,Samnanger,menn,75 år og eldre,0
1242,Samnanger,kvinner,0-74 år,0
1242,Samnanger,kvinner,75 år og eldre,1
1514,Sande,menn,0-74 år,1
1514,Sande,menn,75 år og eldre,1
1514,Sande,kvinner,0-74 år,1
1514,Sande,kvinner,75 år og eldre,1
710,Sandefjord,menn,0-74 år,29
710,Sandefjord,menn,75 år og eldre,17
710,Sandefjord,kvinner,0-74 år,25
710,Sandefjord,kvinner,75 år og eldre,17
1102,Sandnes,menn,0-74 år,29
1102,Sandnes,menn,75 år og eldre,14
1102,Sandnes,kvinner,0-74 år,18
1102,Sandnes,kvinner,75 år og eldre,14
105,Sarpsborg,menn,0-74 år,25
105,Sarpsborg,menn,75 år og eldre,13
105,Sarpsborg,kvinner,0-74 år,19
105,Sarpsborg,kvinner,75 år og eldre,16
1135,Sauda,menn,0-74 år,2
1135,Sauda,menn,75 år og eldre,2
1135,Sauda,kvinner,0-74 år,2
1135,Sauda,kvinner,75 år og eldre,2
517,Sel,menn,0-74 år,2
517,Sel,menn,75 år og eldre,3
517,Sel,kvinner,0-74 år,3
517,Sel,kvinner,75 år og eldre,2
828,Seljord,menn,0-74 år,2
828,Seljord,menn,75 år og eldre,0
828,Seljord,kvinner,0-74 år,1
828,Seljord,kvinner,75 år og eldre,1
5421,Senja,menn,0-74 år,9
5421,Senja,menn,75 år og eldre,5
5421,Senja,kvinner,0-74 år,5
5421,Senja,kvinner,75 år og eldre,5
621,Sigdal,menn,0-74 år,1
621,Sigdal,menn,75 år og eldre,1
621,Sigdal,kvinner,0-74 år,1
621,Sigdal,kvinner,75 år og eldre,2
811,Siljan,menn,0-74 år,0
811,Siljan,menn,75 år og eldre,0
811,Siljan,kvinner,0-74 år,0
811,Siljan,kvinner,75 år og eldre,0
1046,Sirdal,menn,0-74 år,0
1046,Sirdal,menn,75 år og eldre,0
1046,Sirdal,kvinner,0-74 år,0
1046,Sirdal,kvinner,75 år og eldre,0
806,Skien,menn,0-74 år,21
806,Skien,menn,75 år og eldre,13
806,Skien,kvinner,0-74 år,17
806,Skien,kvinner,75 år og eldre,13
127,Skiptvet,menn,0-74 år,2
127,Skiptvet,menn,75 år og eldre,0
127,Skiptvet,kvinner,0-74 år,0
127,Skiptvet,kvinner,75 år og eldre,0
513,Skjåk,menn,0-74 år,1
513,Skjåk,menn,75 år og eldre,1
513,Skjåk,kvinner,0-74 år,0
513,Skjåk,kvinner,75 år og eldre,1
1941,Skjervøy,menn,0-74 år,0
1941,Skjervøy,menn,75 år og eldre,0
1941,Skjervøy,kvinner,0-74 år,0
1941,Skjervøy,kvinner,75 år og eldre,0
1573,Smøla,menn,0-74 år,2
1573,Smøla,menn,75 år og eldre,1
1573,Smøla,kvinner,0-74 år,0
1573,Smøla,kvinner,75 år og eldre,1
1420,Sogndal,menn,0-74 år,5
1420,Sogndal,menn,75 år og eldre,3
1420,Sogndal,kvinner,0-74 år,5
1420,Sogndal,kvinner,75 år og eldre,4
1111,Sokndal,menn,0-74 år,1
1111,Sokndal,menn,75 år og eldre,1
1111,Sokndal,kvinner,0-74 år,0
1111,Sokndal,kvinner,75 år og eldre,1
1124,Sola,menn,0-74 år,9
1124,Sola,menn,75 år og eldre,5
1124,Sola,kvinner,0-74 år,6
1124,Sola,kvinner,75 år og eldre,5
1412,Solund,menn,0-74 år,0
1412,Solund,menn,75 år og eldre,0
1412,Solund,kvinner,0-74 år,0
1412,Solund,kvinner,75 år og eldre,0
1812,Sømna,menn,0-74 år,0
1812,Sømna,menn,75 år og eldre,0
1812,Sømna,kvinner,0-74 år,0
1812,Sømna,kvinner,75 år og eldre,0
536,Søndre Land,menn,0-74 år,3
536,Søndre Land,menn,75 år og eldre,3
536,Søndre Land,kvinner,0-74 år,2
536,Søndre Land,kvinner,75 år og eldre,2
540,Sør-Aurdal,menn,0-74 år,1
540,Sør-Aurdal,menn,75 år og eldre,1
540,Sør-Aurdal,kvinner,0-74 år,1
540,Sør-Aurdal,kvinner,75 år og eldre,2
1845,Sørfold,menn,0-74 år,2
1845,Sørfold,menn,75 år og eldre,1
1845,Sørfold,kvinner,0-74 år,1
1845,Sørfold,kvinner,75 år og eldre,0
519,Sør-Fron,menn,0-74 år,2
519,Sør-Fron,menn,75 år og eldre,1
519,Sør-Fron,kvinner,0-74 år,1
519,Sør-Fron,kvinner,75 år og eldre,1
419,Sør-Odal,menn,0-74 år,4
419,Sør-Odal,menn,75 år og eldre,2
419,Sør-Odal,kvinner,0-74 år,3
419,Sør-Odal,kvinner,75 år og eldre,2
1925,Sørreisa,menn,0-74 år,2
1925,Sørreisa,menn,75 år og eldre,0
1925,Sørreisa,kvinner,0-74 år,0
1925,Sørreisa,kvinner,75 år og eldre,0
1870,Sortland Suortá,menn,0-74 år,5
1870,Sortland Suortá,menn,75 år og eldre,1
1870,Sortland Suortá,kvinner,0-74 år,4
1870,Sortland Suortá,kvinner,75 år og eldre,3
2030,Sør-Varanger,menn,0-74 år,6
2030,Sør-Varanger,menn,75 år og eldre,3
2030,Sør-Varanger,kvinner,0-74 år,3
2030,Sør-Varanger,kvinner,75 år og eldre,3
4649,Stad,menn,0-74 år,4
4649,Stad,menn,75 år og eldre,3
4649,Stad,kvinner,0-74 år,3
4649,Stad,kvinner,75 år og eldre,3
417,Stange,menn,0-74 år,10
417,Stange,menn,75 år og eldre,6
417,Stange,kvinner,0-74 år,6
417,Stange,kvinner,75 år og eldre,8
1103,Stavanger,menn,0-74 år,53
1103,Stavanger,menn,75 år og eldre,27
1103,Stavanger,kvinner,0-74 år,39
1103,Stavanger,kvinner,75 år og eldre,38
1848,Steigen,menn,0-74 år,1
1848,Steigen,menn,75 år og eldre,1
1848,Steigen,kvinner,0-74 år,1
1848,Steigen,kvinner,75 år og eldre,1
1221,Stord,menn,0-74 år,7
1221,Stord,menn,75 år og eldre,4
1221,Stord,kvinner,0-74 år,5
1221,Stord,kvinner,75 år og eldre,5
430,Stor-Elvdal,menn,0-74 år,1
430,Stor-Elvdal,menn,75 år og eldre,0
430,Stor-Elvdal,kvinner,0-74 år,2
430,Stor-Elvdal,kvinner,75 år og eldre,1
1939,Storfjord Omasvuotna Omasvuono,menn,0-74 år,0
1939,Storfjord Omasvuotna Omasvuono,menn,75 år og eldre,0
1939,Storfjord Omasvuotna Omasvuono,kvinner,0-74 år,0
1939,Storfjord Omasvuotna Omasvuono,kvinner,75 år og eldre,0
1130,Strand,menn,0-74 år,6
1130,Strand,menn,75 år og eldre,3
1130,Strand,kvinner,0-74 år,4
1130,Strand,kvinner,75 år og eldre,3
1525,Stranda,menn,0-74 år,2
1525,Stranda,menn,75 år og eldre,2
1525,Stranda,kvinner,0-74 år,2
1525,Stranda,kvinner,75 år og eldre,2
1449,Stryn,menn,0-74 år,3
1449,Stryn,menn,75 år og eldre,3
1449,Stryn,kvinner,0-74 år,2
1449,Stryn,kvinner,75 år og eldre,2
1531,Sula,menn,0-74 år,4
1531,Sula,menn,75 år og eldre,2
1531,Sula,kvinner,0-74 år,2
1531,Sula,kvinner,75 år og eldre,3
1134,Suldal,menn,0-74 år,2
1134,Suldal,menn,75 år og eldre,1
1134,Suldal,kvinner,0-74 år,2
1134,Suldal,kvinner,75 år og eldre,1
1563,Sunndal,menn,0-74 år,4
1563,Sunndal,menn,75 år og eldre,3
1563,Sunndal,kvinner,0-74 år,2
1563,Sunndal,kvinner,75 år og eldre,3
4647,Sunnfjord,menn,0-74 år,9
4647,Sunnfjord,menn,75 år og eldre,6
4647,Sunnfjord,kvinner,0-74 år,6
4647,Sunnfjord,kvinner,75 år og eldre,6
1566,Surnadal,menn,0-74 år,3
1566,Surnadal,menn,75 år og eldre,2
1566,Surnadal,kvinner,0-74 år,2
1566,Surnadal,kvinner,75 år og eldre,2
1216,Sveio,menn,0-74 år,2
1216,Sveio,menn,75 år og eldre,1
1216,Sveio,kvinner,0-74 år,3
1216,Sveio,kvinner,75 år og eldre,2
1528,Sykkylven,menn,0-74 år,5
1528,Sykkylven,menn,75 år og eldre,3
1528,Sykkylven,kvinner,0-74 år,2
1528,Sykkylven,kvinner,75 år og eldre,3
1121,Time,menn,0-74 år,8
1121,Time,menn,75 år og eldre,3
1121,Time,kvinner,0-74 år,5
1121,Time,kvinner,75 år og eldre,4
1560,Tingvoll,menn,0-74 år,2
1560,Tingvoll,menn,75 år og eldre,1
1560,Tingvoll,kvinner,0-74 år,1
1560,Tingvoll,kvinner,75 år og eldre,1
826,Tinn,menn,0-74 år,3
826,Tinn,menn,75 år og eldre,2
826,Tinn,kvinner,0-74 år,2
826,Tinn,kvinner,75 år og eldre,3
1852,Tjeldsund,menn,0-74 år,3
1852,Tjeldsund,menn,75 år og eldre,2
1852,Tjeldsund,kvinner,0-74 år,2
1852,Tjeldsund,kvinner,75 år og eldre,3
833,Tokke,menn,0-74 år,0
833,Tokke,menn,75 år og eldre,0
833,Tokke,kvinner,0-74 år,0
833,Tokke,kvinner,75 år og eldre,0
436,Tolga,menn,0-74 år,0
436,Tolga,menn,75 år og eldre,0
436,Tolga,kvinner,0-74 år,0
436,Tolga,kvinner,75 år og eldre,0
704,Tønsberg,menn,0-74 år,21
704,Tønsberg,menn,75 år og eldre,14
704,Tønsberg,kvinner,0-74 år,17
704,Tønsberg,kvinner,75 år og eldre,18
1835,Træna,menn,0-74 år,0
1835,Træna,menn,75 år og eldre,0
1835,Træna,kvinner,0-74 år,0
1835,Træna,kvinner,75 år og eldre,0
1902,Tromsø,menn,0-74 år,30
1902,Tromsø,menn,75 år og eldre,14
1902,Tromsø,kvinner,0-74 år,20
1902,Tromsø,kvinner,75 år og eldre,16
5001,Trøndelag,menn,0-74 år,195
5001,Trøndelag,menn,75 år og eldre,121
5001,Trøndelag,kvinner,0-74 år,146
5001,Trøndelag,kvinner,75 år og eldre,126
428,Trysil,menn,0-74 år,5
428,Trysil,menn,75 år og eldre,2
428,Trysil,kvinner,0-74 år,4
428,Trysil,kvinner,75 år og eldre,2
914,Tvedestrand,menn,0-74 år,3
914,Tvedestrand,menn,75 år og eldre,2
914,Tvedestrand,kvinner,0-74 år,2
914,Tvedestrand,kvinner,75 år og eldre,3
437,Tynset,menn,0-74 år,2
437,Tynset,menn,75 år og eldre,2
437,Tynset,kvinner,0-74 år,1
437,Tynset,kvinner,75 år og eldre,2
1223,Tysnes,menn,0-74 år,2
1223,Tysnes,menn,75 år og eldre,1
1223,Tysnes,kvinner,0-74 år,1
1223,Tysnes,kvinner,75 år og eldre,1
1146,Tysvær,menn,0-74 år,5
1146,Tysvær,menn,75 år og eldre,3
1146,Tysvær,kvinner,0-74 år,4
1146,Tysvær,kvinner,75 år og eldre,3
235,Ullensaker,menn,0-74 år,13
235,Ullensaker,menn,75 år og eldre,7
235,Ullensaker,kvinner,0-74 år,11
235,Ullensaker,kvinner,75 år og eldre,6
1231,Ullensvang,menn,0-74 år,6
1231,Ullensvang,menn,75 år og eldre,5
1231,Ullensvang,kvinner,0-74 år,4
1231,Ullensvang,kvinner,75 år og eldre,4
1516,Ulstein,menn,0-74 år,4
1516,Ulstein,menn,75 år og eldre,3
1516,Ulstein,kvinner,0-74 år,2
1516,Ulstein,kvinner,75 år og eldre,2
1233,Ulvik,menn,0-74 år,0
1233,Ulvik,menn,75 år og eldre,0
1233,Ulvik,kvinner,0-74 år,0
1233,Ulvik,kvinner,75 år og eldre,0
2027,Unjárga Nesseby,menn,0-74 år,0
2027,Unjárga Nesseby,menn,75 år og eldre,0
2027,Unjárga Nesseby,kvinner,0-74 år,0
2027,Unjárga Nesseby,kvinner,75 år og eldre,0
1151,Utsira,menn,0-74 år,0
1151,Utsira,menn,75 år og eldre,0
1151,Utsira,kvinner,0-74 år,0
1151,Utsira,kvinner,75 år og eldre,0
2003,Vadsø,menn,0-74 år,3
2003,Vadsø,menn,75 år og eldre,2
2003,Vadsø,kvinner,0-74 år,2
2003,Vadsø,kvinner,75 år og eldre,2
1857,Værøy,menn,0-74 år,0
1857,Værøy,menn,75 år og eldre,0
1857,Værøy,kvinner,0-74 år,0
1857,Værøy,kvinner,75 år og eldre,0
515,Vågå,menn,0-74 år,3
515,Vågå,menn,75 år og eldre,1
515,Vågå,kvinner,0-74 år,1
515,Vågå,kvinner,75 år og eldre,0
1865,Vågan,menn,0-74 år,5
1865,Vågan,menn,75 år og eldre,4
1865,Vågan,kvinner,0-74 år,4
1865,Vågan,kvinner,75 år og eldre,5
1251,Vaksdal,menn,0-74 år,3
1251,Vaksdal,menn,75 år og eldre,1
1251,Vaksdal,kvinner,0-74 år,1
1251,Vaksdal,kvinner,75 år og eldre,2
426,Våler (Innlandet),menn,0-74 år,2
426,Våler (Innlandet),menn,75 år og eldre,1
426,Våler (Innlandet),kvinner,0-74 år,2
426,Våler (Innlandet),kvinner,75 år og eldre,2
137,Våler (Viken),menn,0-74 år,2
137,Våler (Viken),menn,75 år og eldre,2
137,Våler (Viken),kvinner,0-74 år,2
137,Våler (Viken),kvinner,75 år og eldre,1
940,Valle,menn,0-74 år,0
940,Valle,menn,75 år og eldre,0
940,Valle,kvinner,0-74 år,0
940,Valle,kvinner,75 år og eldre,0
545,Vang,menn,0-74 år,0
545,Vang,menn,75 år og eldre,0
545,Vang,kvinner,0-74 år,0
545,Vang,kvinner,75 år og eldre,0
1511,Vanylven,menn,0-74 år,2
1511,Vanylven,menn,75 år og eldre,2
1511,Vanylven,kvinner,0-74 år,1
1511,Vanylven,kvinner,75 år og eldre,2
2002,Vardø,menn,0-74 år,0
2002,Vardø,menn,75 år og eldre,0
2002,Vardø,kvinner,0-74 år,0
2002,Vardø,kvinner,75 år og eldre,0
1824,Vefsn,menn,0-74 år,7
1824,Vefsn,menn,75 år og eldre,6
1824,Vefsn,kvinner,0-74 år,5
1824,Vefsn,kvinner,75 år og eldre,5
1815,Vega,menn,0-74 år,0
1815,Vega,menn,75 år og eldre,0
1815,Vega,kvinner,0-74 år,0
1815,Vega,kvinner,75 år og eldre,0
912,Vegårshei,menn,0-74 år,0
912,Vegårshei,menn,75 år og eldre,0
912,Vegårshei,kvinner,0-74 år,0
912,Vegårshei,kvinner,75 år og eldre,0
1014,Vennesla,menn,0-74 år,5
1014,Vennesla,menn,75 år og eldre,2
1014,Vennesla,kvinner,0-74 år,4
1014,Vennesla,kvinner,75 år og eldre,4
211,Vestby,menn,0-74 år,8
211,Vestby,menn,75 år og eldre,4
211,Vestby,kvinner,0-74 år,5
211,Vestby,kvinner,75 år og eldre,3
1535,Vestnes,menn,0-74 år,3
1535,Vestnes,menn,75 år og eldre,3
1535,Vestnes,kvinner,0-74 år,3
1535,Vestnes,kvinner,75 år og eldre,3
543,Vestre Slidre,menn,0-74 år,0
543,Vestre Slidre,menn,75 år og eldre,0
543,Vestre Slidre,kvinner,0-74 år,0
543,Vestre Slidre,kvinner,75 år og eldre,0
529,Vestre Toten,menn,0-74 år,5
529,Vestre Toten,menn,75 år og eldre,3
529,Vestre Toten,kvinner,0-74 år,5
529,Vestre Toten,kvinner,75 år og eldre,2
1860,Vestvågøy,menn,0-74 år,5
1860,Vestvågøy,menn,75 år og eldre,3
1860,Vestvågøy,kvinner,0-74 år,3
1860,Vestvågøy,kvinner,75 år og eldre,3
1816,Vevelstad,menn,0-74 år,0
1816,Vevelstad,menn,75 år og eldre,0
1816,Vevelstad,kvinner,0-74 år,0
1816,Vevelstad,kvinner,75 år og eldre,0
1417,Vik,menn,0-74 år,1
1417,Vik,menn,75 år og eldre,1
1417,Vik,kvinner,0-74 år,1
1417,Vik,kvinner,75 år og eldre,2
5050,Viken,menn,0-74 år,500
5050,Viken,menn,75 år og eldre,284
5050,Viken,kvinner,0-74 år,395
5050,Viken,kvinner,75 år og eldre,300
1160,Vindafjord,menn,0-74 år,3
1160,Vindafjord,menn,75 år og eldre,4
1160,Vindafjord,kvinner,0-74 år,3
1160,Vindafjord,kvinner,75 år og eldre,2
834,Vinje,menn,0-74 år,2
834,Vinje,menn,75 år og eldre,2
834,Vinje,kvinner,0-74 år,1
834,Vinje,kvinner,75 år og eldre,1
1519,Volda,menn,0-74 år,4
1519,Volda,menn,75 år og eldre,5
1519,Volda,kvinner,0-74 år,3
1519,Volda,kvinner,75 år og eldre,4
1235,Voss,menn,0-74 år,7
1235,Voss,menn,75 år og eldre,5
1235,Voss,kvinner,0-74 år,5
1235,Voss,kvinner,75 år og eldre,8
